{
    "colors": {
        "Palette.Window": "#0A0E14",
        "Palette.WindowText": "#B3B1AD",
        "Palette.Base": "#0A0E14",
        "Palette.AlternateBase": "#01060E",
        "Palette.Text": "#B3B1AD",
        "Palette.ToolTipBase": "#01060E",
        "Palette.ToolTipText": "#B3B1AD",
        "Palette.BrightText": "#FFB454",
        "Palette.Highlight": "#4e46b1",
        "Palette.HighlightedText": "#B3B1AD",
        "Palette.Button": "#01060E",
        "Palette.ButtonText": "#B3B1AD",
        "Palette.Link": "#39BAE6",
        "Palette.LinkVisited": "#FFEE99",
        "Palette.Light": "#FFB454",
        "Palette.Midlight": "#FF8F40",
        "Palette.Mid": "#C2D94C",
        "Palette.Dark": "#626A73",
        "Palette.Shadow": "#01060E",
        "Palette.WindowTextDisabled": "#626A73",
        "Palette.TextDisabled": "#626A73",
        "Palette.ToolTipTextDisabled": "#626A73",
        "Palette.BrightTextDisabled": "#626A73",
        "Palette.HighlightedTextDisabled": "#626A73",
        "Palette.ButtonTextDisabled": "#626A73",
        
        "Log.Time": "#626A73",
        "Log.Normal": "#B3B1AD",
        "Log.Info": "#C2D94C",
        "Log.Warning": "#FF8F40",
        "Log.Critical": "#F07178",
        "Log.BannedPeer": "#FFEE99",

        "RSS.ReadArticle": "#B3B1AD",
        "RSS.UnreadArticle": "#39BAE6",
        
        "TransferList.Downloading": "#C2D94C",
        "TransferList.ForcedDownloading": "#C2D94C",
        "TransferList.DownloadingMetadata": "#C2D94C",
        "TransferList.Allocating": "#B3B1AD",
        "TransferList.StalledDownloading": "#B3B1AD",
        "TransferList.StalledUploading": "#B3B1AD",
        "TransferList.Uploading": "#39BAE6",
        "TransferList.ForcedUploading": "#39BAE6",
        "TransferList.PausedDownloading": "#FF8F40",
        "TransferList.PausedUploading": "#39BAE6",
        "TransferList.Error": "#F07178",
        "TransferList.MissingFiles": "#F07178",
        "TransferList.QueuedDownloading": "#C2D94C",
        "TransferList.QueuedUploading": "#C2D94C",
        "TransferList.CheckingDownloading": "#C2D94C",
        "TransferList.CheckingUploading": "#C2D94C",
        "TransferList.CheckingResumeData": "#C2D94C",
        "TransferList.Moving": "#F07178"
    }
}
