{
    "colors": {
        "Palette.Window": "#131418",
        "Palette.WindowText": "#BEC7BA",
        "Palette.Base": "#131418",
        "Palette.AlternateBase": "#172418",
        "Palette.Text": "#BEC7BA",
        "Palette.ToolTipBase": "#172418",
        "Palette.ToolTipText": "#BEC7BA",
        "Palette.BrightText": "#BFBD33",
        "Palette.Highlight": "#4e46b1",
        "Palette.HighlightedText": "#BEC7BA",
        "Palette.Button": "#172418",
        "Palette.ButtonText": "#BEC7BA",
        "Palette.Link": "#90B998",
        "Palette.LinkVisited": "#A08EAE",
        "Palette.Light": "#BFBD33",
        "Palette.Midlight": "#BBA944",
        "Palette.Mid": "#A5B352",
        "Palette.Dark": "#4A956D",
        "Palette.Shadow": "#172418",
        "Palette.WindowTextDisabled": "#4A956D",
        "Palette.TextDisabled": "#4A956D",
        "Palette.ToolTipTextDisabled": "#4A956D",
        "Palette.BrightTextDisabled": "#4A956D",
        "Palette.HighlightedTextDisabled": "#4A956D",
        "Palette.ButtonTextDisabled": "#4A956D",
        
        "Log.Time": "#4A956D",
        "Log.Normal": "#BEC7BA",
        "Log.Info": "#A5B352",
        "Log.Warning": "#BBA944",
        "Log.Critical": "#C69492",
        "Log.BannedPeer": "#A08EAE",

        "RSS.ReadArticle": "#BEC7BA",
        "RSS.UnreadArticle": "#90B998",
        
        "TransferList.Downloading": "#A5B352",
        "TransferList.ForcedDownloading": "#A5B352",
        "TransferList.DownloadingMetadata": "#A5B352",
        "TransferList.Allocating": "#BEC7BA",
        "TransferList.StalledDownloading": "#BEC7BA",
        "TransferList.StalledUploading": "#BEC7BA",
        "TransferList.Uploading": "#90B998",
        "TransferList.ForcedUploading": "#90B998",
        "TransferList.PausedDownloading": "#BBA944",
        "TransferList.PausedUploading": "#90B998",
        "TransferList.Error": "#C69492",
        "TransferList.MissingFiles": "#C69492",
        "TransferList.QueuedDownloading": "#A5B352",
        "TransferList.QueuedUploading": "#A5B352",
        "TransferList.CheckingDownloading": "#A5B352",
        "TransferList.CheckingUploading": "#A5B352",
        "TransferList.CheckingResumeData": "#A5B352",
        "TransferList.Moving": "#C69492"
    }
}
